order_id,product_category_id,number_of_order_product_category
1342,1573,6
1000,784,11
785,29,6
858,434,12
142,1572,16
1682,926,15
1668,713,11
581,976,4
1052,178,11
1552,1090,19
304,1399,8
1089,1870,13
1134,1132,11
1708,431,10
1037,1618,3
1059,371,10
425,867,2
484,1153,6
1618,762,6
232,1948,6
57,1233,9
605,555,10
433,1052,17
377,549,18
428,1960,3
126,1544,13
38,1992,18
55,1128,3
1874,1819,3
128,1471,11
691,903,12
508,1652,12
52,432,11
1260,627,13
1326,48,4
330,56,12
338,1493,12
1240,194,19
798,2,2
715,731,7
790,306,16
594,1685,16
611,1919,3
1085,75,11
293,778,13
490,728,11
1904,1545,17
1053,1789,19
1890,1451,7
1227,1710,16
1092,1336,17
330,471,4
1737,733,4
673,1718,2
884,1253,14
106,947,14
590,308,13
1026,810,12
971,1736,5
1602,704,3
936,1383,2
659,1992,8
1412,1963,3
1045,753,19
718,1231,18
1627,169,6
560,1784,5
1293,637,14
377,67,5
514,1359,7
1805,135,1
128,1737,4
1926,226,12
681,693,10
1110,1545,15
1278,308,16
1360,1343,15
1979,1043,9
1731,1643,8
807,282,19
212,899,6
1572,1239,6
1966,591,15
1490,1700,19
1276,1878,11
1519,184,11
1846,1098,17
947,1153,1
1165,1826,11
1110,396,1
1590,1120,19
1333,469,18
381,1537,3
938,1311,17
85,1870,16
1626,703,12
1826,212,14
1654,961,12
169,1265,17
588,407,14
1526,857,2
1401,1900,6
1998,1942,14
1298,1139,7
786,909,17
41,862,13
373,1539,11
1927,1283,2
633,1935,2
760,1165,12
49,1792,11
892,1411,5
1522,684,19
1062,1627,8
1754,529,11
815,868,1
1396,128,4
462,216,9
290,1598,15
12,768,19
422,1238,8
207,1249,13
1516,1893,15
1333,518,2
1313,1311,19
364,173,8
1111,1818,11
107,1363,10
800,1587,15
263,603,18
880,1511,19
6,640,4
1982,1548,13
1725,1298,10
555,64,16
225,1148,9
956,1926,14
820,900,10
897,316,18
1741,1406,16
1770,1254,13
1684,453,10
263,1308,7
1522,381,6
1474,1385,5
94,1552,13
1427,576,5
672,1306,7
388,60,6
966,1109,4
515,242,2
1618,1955,1
1683,870,16
603,1961,18
233,1433,15
801,1346,15
430,803,8
575,314,8
1223,1098,19
615,1297,4
396,1297,2
347,1008,2
482,1855,14
475,410,7
1689,824,6
598,440,18
1131,1586,7
1095,537,3
1562,1939,19
1313,395,9
98,1069,15
1218,207,7
1641,1886,5
1405,320,15
86,1954,4
80,886,15
217,625,7
76,1484,17
1679,1301,8
1892,785,11
213,1169,14
573,378,13
1110,472,6
1948,957,6
1447,1725,13
1223,1009,6
1912,1482,11
438,1096,17
199,22,16
1861,1538,9
1905,1749,11
1356,1193,11
30,1513,15
1053,969,4
873,268,16
106,629,17
444,457,3
179,1980,13
16,1774,1
1691,374,4
1755,1248,9
1710,44,12
1452,91,6
117,1193,15
1005,860,5
639,1564,8
102,93,14
1826,1417,11
615,1726,17
1798,1341,14
1078,339,11
1221,1297,17
1481,1162,3
461,653,6
1227,328,13
795,1173,11
790,1377,2
1244,1589,3
963,1929,18
1852,1096,4
1439,1654,8
1113,1039,9
357,1784,15
792,1157,4
605,1640,14
855,600,11
1816,1819,6
648,1009,19
1209,1834,8
858,258,13
1890,1628,1
1907,1022,10
1788,115,13
410,439,14
1558,1997,3
1808,639,19
842,108,13
741,36,13
1763,792,7
786,1904,12
105,1498,15
195,902,15
336,698,6
441,1067,5
1800,1406,14
1165,1089,10
1744,1401,12
801,17,2
38,1149,16
791,145,3
355,1002,2
85,306,9
1862,1363,11
691,1472,19
1329,401,10
845,941,6
1894,598,17
1634,1042,5
10,1304,15
1376,158,17
1936,1544,6
389,87,1
276,1715,11
441,1303,17
1915,1053,19
1254,1471,16
1110,1193,2
964,896,15
528,720,19
1707,76,10
1459,487,12
1342,755,19
1388,941,3
975,570,12
1528,1454,13
1976,1718,19
575,755,18
1866,266,10
1545,973,7
1007,1861,13
106,568,16
100,982,8
520,573,3
1,1865,6
1300,136,6
983,1435,14
251,551,10
1970,1132,13
1169,1592,3
242,1797,17
1279,381,11
949,869,1
1585,1428,5
479,1456,11
1690,575,9
1302,566,2
341,563,15
1207,757,13
365,135,14
320,931,14
596,279,8
517,721,15
1450,352,13
622,1397,1
968,1771,11
1856,281,6
431,1866,10
92,1900,12
246,73,16
1770,585,7
566,1266,5
1084,1883,12
370,1174,18
1405,1851,3
863,1718,12
1529,239,10
216,508,18
878,1888,11
362,504,4
1541,271,7
1859,1680,17
532,57,2
1510,1884,18
1916,1486,11
705,1025,1
813,1228,2
70,716,18
640,1554,1
880,1687,14
1432,722,14
800,828,9
1204,1545,2
447,331,16
1034,20,4
1097,299,10
748,174,9
1050,1548,13
197,1472,15
816,1220,2
1690,1652,4
753,78,12
508,1116,7
204,1500,15
1843,366,9
520,1035,7
1479,1542,12
1055,133,15
515,383,12
104,604,13
1347,389,4
46,757,7
1292,281,19
1192,589,12
363,544,7
1383,1207,12
379,1676,5
859,1336,16
870,635,15
857,239,17
1988,405,5
1303,856,11
1155,1797,16
218,1228,8
755,287,10
74,693,16
839,1132,12
1990,1724,9
918,489,10
648,1175,2
1159,435,1
247,1204,2
671,1059,17
1562,229,14
1573,161,5
1684,105,10
724,797,19
1931,18,11
520,1997,7
1584,386,4
60,507,6
1488,1058,8
711,508,11
769,1402,16
1900,1277,9
1766,418,15
480,1234,4
3,1923,4
179,1228,4
937,1727,12
1505,1086,7
1321,1502,17
788,85,11
1655,973,16
1967,1955,14
309,31,8
203,754,16
1116,1104,11
1982,58,6
244,1309,18
375,1774,8
1876,1264,4
960,580,17
1183,979,4
462,824,3
788,35,19
984,1869,12
1677,734,10
1626,389,19
1521,1338,14
1137,544,8
1272,1280,12
816,91,7
1078,1349,14
966,1020,17
1247,654,3
891,1194,1
616,1259,14
632,698,10
1806,250,9
335,1438,12
329,46,5
1557,1189,15
1061,1971,19
1276,1906,5
1747,712,17
1199,380,17
1701,631,2
1423,521,13
1336,641,6
160,1010,18
1816,744,19
210,637,10
1340,1690,14
736,1829,12
79,1339,13
919,885,19
1325,608,18
1140,633,8
1097,906,15
1150,221,6
961,902,10
104,1460,12
610,1537,1
741,1858,7
271,965,8
922,1344,12
1931,418,17
597,834,4
1970,677,2
1103,1113,17
1449,191,14
916,1775,9
261,1974,18
191,309,13
1910,585,8
1180,870,16
8,176,15
344,1218,18
793,365,1
559,133,8
1051,1506,5
345,1291,16
1220,1354,12
1872,661,14
1302,1740,2
408,686,3
1654,791,18
445,1096,9
169,1106,10
1667,124,14
860,1702,18
1095,1140,8
924,1566,13
1080,1959,15
477,135,15
193,1041,15
1693,385,16
1817,905,13
977,607,4
1486,177,2
696,1553,12
1780,1012,10
1527,207,6
1306,1483,11
956,574,8
292,1967,10
1423,1975,1
1494,1973,17
1731,1042,8
500,118,6
392,1438,14
1108,384,4
285,696,11
557,665,8
877,387,9
559,861,4
512,686,7
1450,64,2
121,1201,16
1493,49,19
162,1028,1
67,915,1
1730,1848,2
424,7,13
1838,866,13
1230,618,16
837,1172,2
467,1988,14
1895,941,14
1189,987,12
828,792,7
1152,396,16
745,811,14
856,829,10
141,88,7
1367,1611,12
890,890,6
1991,656,9
1788,1695,10
657,172,19
672,541,9
1008,1596,12
624,687,5
1673,486,18
116,1981,4
1168,326,19
753,528,13
178,300,1
599,836,2
1771,1363,7
598,88,7
1497,184,3
153,1133,5
1463,743,9
726,1216,4
777,1876,7
533,621,14
1139,1904,16
644,495,3
764,409,8
1080,853,13
1770,1076,4
1168,618,18
56,1016,12
1409,1289,17
405,1451,11
1692,1822,10
1460,1238,8
1331,1458,2
996,854,17
47,1388,7
1731,384,18
1601,955,2
8,1608,12
878,478,16
177,1730,6
1857,239,10
1158,1072,6
1801,1620,16
581,440,16
214,172,17
108,9,16
469,1678,9
1894,804,5
943,1684,3
1701,582,8
1137,1154,17
1569,1139,6
646,889,4
137,1929,8
276,1021,5
524,1794,14
1494,771,5
1977,1708,1
1708,1963,14
548,216,14
374,101,10
855,1443,13
1888,644,10
1149,1461,11
1311,332,17
143,1618,17
1979,419,18
776,208,18
291,1159,14
1676,1861,12
1179,99,7
929,1763,18
1725,1421,15
1230,635,11
405,345,13
1349,667,14
304,1565,4
1653,568,18
1497,1597,18
1227,564,3
1839,213,8
1857,1970,13
447,382,6
1918,418,2
205,750,17
740,372,18
502,942,5
70,1372,3
830,1526,15
877,1431,2
1936,499,9
1293,1390,5
368,547,4
1946,903,3
807,385,11
148,1448,18
13,758,12
31,725,16
1792,1770,8
487,1027,5
1832,1569,10
404,1982,19
1339,912,13
1361,373,18
1488,555,1
208,1262,10
1148,683,1
1712,865,7
940,1906,17
1237,1501,16
1583,1880,15
1930,115,13
1334,404,4
1228,809,6
459,651,4
1400,542,2
1581,1584,5
1853,1338,4
366,121,7
278,1463,1
147,103,14
1739,1778,5
307,1558,5
706,873,9
584,1920,18
1541,1253,3
289,1540,13
1603,1655,19
1112,1730,6
1174,1565,19
629,1057,9
327,1082,7
1126,719,9
1893,1093,10
1729,875,7
1649,1269,14
471,824,9
490,1989,19
711,544,5
1493,628,1
1949,1132,19
447,78,18
1918,257,8
1167,416,6
1341,395,5
382,1873,8
1205,1462,5
1124,703,8
1127,140,11
1017,1616,6
260,1633,1
825,1944,19
991,1283,8
896,1731,10
580,1303,4
333,1149,16
1477,330,7
1667,289,12
1587,826,5
1251,1319,19
748,902,7
300,908,8
443,516,5
486,1391,6
1981,309,17
1449,544,14
333,795,10
1474,1540,13
1868,592,13
927,1238,11
1532,1739,19
860,149,8
371,281,4
1626,1889,7
1144,991,9
81,1686,19
1434,138,3
1029,918,5
948,1274,13
1354,432,4
1438,1516,13
1332,953,16
625,1121,2
901,1078,3
1005,707,9
356,330,6
348,1787,9
1364,1492,11
837,503,8
1441,1911,9
1468,1017,18
79,189,4
1357,1811,1
1287,1456,6
1820,534,11
18,25,3
1618,593,9
813,1007,7
1411,74,1
176,495,5
831,1184,12
1284,1432,1
415,927,5
532,999,5
511,1061,4
341,1543,10
42,820,5
609,1822,13
1931,656,1
1205,668,2
350,1181,13
1588,456,3
1355,536,11
998,1602,11
1693,1087,16
426,303,19
313,1070,6
1066,135,16
1970,223,13
1889,1353,8
52,1210,3
404,182,18
1202,923,6
60,986,10
1856,1044,12
1382,916,7
1725,1506,4
65,892,16
1585,1284,10
1641,1617,3
911,1465,12
325,947,4
839,1289,9
1776,1223,14
1341,254,1
1522,1209,11
459,589,13
625,165,18
424,1986,4
661,819,9
770,1560,13
371,1148,15
1823,1532,1
824,543,16
1831,1949,3
973,723,7
1514,63,1
1956,1183,10
928,286,13
1337,1901,10
76,178,5
8,1007,16
75,970,11
564,1698,16
993,1634,1
1680,794,3
1563,1450,13
1678,1146,8
822,813,4
278,1443,9
220,487,16
1137,749,4
1155,1823,9
620,899,17
1534,951,4
399,964,15
982,1247,15
1086,1773,5
1696,397,10
1715,1186,2
1286,1796,15
242,344,12
47,1856,9
1681,525,10
1273,944,6
1511,144,2
393,424,18
828,1296,2
1371,1133,7
1180,1440,4
1333,1440,7
749,1333,11
226,1292,6
1152,353,11
664,1300,7
521,1813,8
1898,186,3
837,1323,8
344,458,5
1331,871,12
498,866,4
533,348,11
334,524,16
1448,1285,9
1588,1240,1
743,165,19
1473,851,13
1884,1282,12
100,497,2
1874,405,9
603,895,5
1396,654,15
690,131,10
1637,187,13
1218,450,9
1401,1249,1
691,1601,3
504,1857,1
1890,614,16
1162,434,18
967,459,2
736,846,4
430,192,6
585,53,1
1044,1836,7
32,667,8
355,698,12
36,1183,8
582,100,10
402,1506,1
1902,1528,17
1100,670,17
1170,482,16
509,971,11
1496,107,15
259,1460,1
1355,1859,19
752,807,17
605,932,13
1315,154,8
1354,28,7
547,682,5
338,1943,12
937,861,2
1227,1845,17
190,539,11
1255,324,7
1016,1047,16
93,1151,7
1961,496,17
452,1854,4
858,1155,9
372,950,14
1025,1921,15
856,418,10
1762,1524,10
9,415,4
200,61,18
108,338,10
1038,454,15
1802,376,14
1428,486,10
1855,370,7
783,1817,16
1652,231,4
1122,161,6
649,330,16
1760,1953,1
1345,253,18
499,750,8
1963,1333,5
1893,1222,15
69,1427,19
1991,1907,11
271,1225,6
804,547,18
1428,985,2
352,390,2
1904,43,5
1367,83,3
1211,1357,16
1872,820,5
1093,1758,10
856,1054,7
696,657,5
472,1489,7
1484,541,17
1965,1070,17
640,1611,9
373,1988,12
1124,702,13
1699,780,6
1535,399,4
113,1711,8
821,573,19
1444,1655,17
1700,1433,6
1694,1882,15
528,1246,3
1855,1232,12
1540,721,17
1829,1731,4
1388,997,18
1873,937,11
322,1372,8
917,1145,5
1833,1196,19
1211,672,6
626,1429,8
1802,1171,15
263,1680,12
1197,572,10
1019,991,8
1580,57,7
1856,1827,5
1463,1373,5
712,1611,1
1789,22,1
1253,330,1
1214,1203,3
1532,1585,18
343,1610,12
1925,1124,8
1839,1897,2
1656,253,11
1296,1355,9
60,1163,1
309,1090,15
1432,473,16
1129,1944,3
942,1804,17
539,48,5
833,1513,3
1240,1537,3
1710,873,17
1948,134,17
898,1956,10
1203,1155,1
246,1223,5
267,910,11
1598,796,12
558,897,1
366,1117,2
669,464,18
628,819,16
1808,598,3
1845,1484,4
1889,231,19
1268,1739,7
1747,294,8
1975,566,6
1079,1641,8
1068,1153,19
1621,1583,10
1563,230,15
1133,575,4
415,438,6
278,422,14
798,1709,6
1192,1289,12
1443,619,8
1381,693,19
1237,1548,12
884,740,14
242,224,19
1322,326,1
495,136,12
314,1332,18
199,1697,2
1178,282,19
176,1875,18
818,178,10
194,182,15
1595,1895,10
1157,1531,17
1181,37,2
1524,1475,14
564,698,11
1993,1130,13
968,1183,10
1752,59,13
1247,708,9
1580,1424,1
937,1129,2
466,899,3
138,1156,18
158,1018,16
1947,1654,8
548,1612,12
711,824,10
1678,1225,10
540,1842,18
1759,1910,8
834,1600,6
152,587,4
1240,99,18
914,1856,19
1485,811,2
1335,1805,4
462,699,11
1685,870,6
998,1259,19
1144,1925,11
403,379,12
978,1323,14
1049,1795,11
460,1308,15
1380,1797,10
1075,193,4
835,1205,1
1433,1297,12
1727,1148,7
12,1154,13
443,96,2
742,511,15
728,508,15
747,287,1
1336,3,14
1582,306,11
1633,1922,11
1490,310,7
1019,970,11
35,1251,2
687,1038,7
1739,17,12
1341,639,13
1490,348,17
926,88,9
28,97,13
1820,145,9
1658,378,12
262,953,17
1452,1722,15
396,693,12
1313,61,12
1368,1596,19
180,242,16
1785,144,15
1382,564,3
1802,992,9
1786,215,11
1331,1028,7
1411,1478,11
1426,1888,9
1746,1094,16
428,1613,1
1670,660,5
1310,1641,19
1176,1873,3
1655,879,4
1563,1650,7
666,610,5
152,1981,10
588,1956,2
921,753,4
751,39,10
1921,955,10
196,132,4
375,476,6
1202,156,11
427,1755,6
675,1863,3
185,1081,5
1175,277,16
995,1082,7
382,389,9
1551,425,18
1185,1734,19
1438,1368,15
399,292,2
1905,949,18
1877,162,2
1519,247,9
115,566,10
564,746,7
1319,1200,10
1629,1992,1
1685,1651,17
1319,1241,1
675,1236,5
720,1785,8
352,1269,13
1805,1118,9
502,863,2
1998,1437,18
878,621,10
1246,120,2
468,770,3
46,221,13
96,559,9
180,844,10
395,1394,8
169,213,15
1351,1514,1
130,1127,11
1945,1687,3
1872,442,6
1033,1428,11
327,252,10
490,306,10
30,1710,6
1999,322,1
1132,1603,1
1079,709,4
1511,1895,6
86,339,16
1169,100,6
1083,223,2
302,1147,14
1892,68,11
1764,1679,19
428,1321,18
1523,131,8
1112,814,1
172,793,17
211,1521,15
512,241,19
1372,1321,2
516,947,15
442,1698,12
603,1239,15
901,1314,10
502,1084,6
802,563,2
838,57,13
450,911,14
385,91,16
1882,1381,18
1228,392,4
1701,1912,4
316,1081,5
1630,510,15
547,1270,15
704,1709,5
959,1709,16
1705,535,13
920,66,1
58,58,16
1549,720,18
1709,1673,9
671,800,12
201,486,15
1776,1207,15
1711,1902,16
1950,1680,4
1188,923,16
149,1523,18
1094,781,18
338,259,10
824,82,17
1717,838,16
557,33,9
1265,759,12
196,1929,13
1717,1209,2
396,107,4
1227,361,18
187,1561,2
1065,1577,1
1325,1862,3
459,952,11
1758,1994,11
43,1393,16
1471,1922,2
448,1953,16
530,1377,15
1683,1941,2
646,1596,17
1991,1530,13
1447,1492,5
890,1939,9
996,1736,10
203,1959,12
1098,353,7
730,1755,5
1633,1738,16
557,536,2
447,1642,19
77,1813,13
1405,1766,5
1788,596,19
1192,582,19
1267,1452,3
617,327,14
358,586,16
1438,1916,18
1281,358,18
1669,891,10
256,443,3
975,919,19
1621,797,2
751,1310,17
812,1537,12
456,367,3
1391,1940,2
783,90,11
333,638,19
1514,124,14
671,119,17
945,937,2
1685,292,6
294,995,15
1224,1606,13
1831,627,4
667,826,19
1507,278,10
748,1473,4
1241,643,3
26,108,7
785,80,12
53,1866,6
1035,771,1
1752,1098,9
679,1558,5
1780,502,1
1518,847,13
1416,1164,18
755,197,14
1784,444,16
252,268,9
857,439,15
85,1778,8
1777,1632,1
1916,1754,12
5,70,19
1871,1460,2
270,507,12
1375,1369,9
1349,1297,16
1137,1251,4
426,1500,8
59,1821,11
956,1696,7
1252,1740,12
1243,1500,14
662,750,2
1549,1912,10
1508,1982,17
1626,1481,11
612,736,5
1090,641,4
1728,1490,3
350,1946,3
795,916,17
1417,1018,8
46,133,18
1505,688,6
1542,1588,13
1343,917,15
1070,432,4
50,344,10
242,162,11
834,1515,1
1155,312,8
1879,755,10
1219,91,10
994,1581,13
1201,1106,1
1933,1548,10
1043,385,6
737,1280,15
1906,746,6
804,1175,9
1666,1211,6
1858,350,4
1743,1662,8
342,124,8
554,76,9
992,848,12
913,309,6
48,1791,11
1437,419,10
1290,1973,1
425,416,9
108,1328,4
732,1343,8
1670,191,18
219,702,3
1746,184,12
664,915,19
1335,1890,9
243,1618,14
1486,422,19
1345,454,17
825,1916,17
1910,446,8
481,260,15
481,1243,2
728,1828,11
870,1690,3
1827,627,11
112,1089,5
49,1864,17
950,1245,9
826,326,17
197,1394,8
553,1835,17
456,183,7
393,855,7
749,1515,17
331,617,7
1695,1517,18
632,713,8
1183,1862,6
1038,1531,10
584,1655,9
381,532,5
305,317,18
498,1371,5
403,1718,3
1877,1299,4
1920,620,6
190,1130,8
1909,1565,7
1957,1369,19
1157,1418,7
1640,1808,12
1730,368,10
1355,26,3
877,1198,2
1383,229,10
593,1306,6
232,1118,9
388,395,5
109,472,10
1753,348,10
1881,1340,19
1792,763,19
1035,147,9
1365,565,6
328,1312,19
663,526,13
1686,1364,1
1410,926,3
1740,1252,14
675,1622,19
18,1602,16
1352,996,18
192,1591,14
1084,1558,12
1632,866,6
317,60,11
593,1445,19
1630,67,10
884,471,4
1654,52,15
497,360,5
1034,1348,10
916,975,4
75,472,9
1870,603,18
904,1778,1
1746,1423,12
331,83,2
1951,388,15
695,468,5
1443,538,15
1955,587,12
636,598,15
1590,1400,11
766,519,10
1010,1759,14
1178,1980,7
355,1907,6
318,166,3
347,1083,10
1427,222,5
1792,631,19
1396,1915,1
608,269,12
543,156,1
109,1565,15
1204,941,6
73,1516,5
1831,1089,6
911,1637,4
921,290,15
557,163,12
577,973,18
1040,1614,18
1447,570,17
1512,1812,17
606,209,6
715,1142,2
333,1355,7
20,1960,15
1303,485,3
1595,1686,19
1666,1985,19
845,1531,6
1675,164,13
785,625,9
776,320,13
878,306,14
1820,207,11
1372,225,8
473,558,10
346,1737,11
1565,1852,9
1733,1846,18
1759,1760,7
9,1039,10
815,1547,7
1758,1244,16
265,426,2
849,1774,15
832,294,17
1185,372,10
1579,1329,5
198,1220,8
63,1043,5
1450,1119,6
752,1811,12
168,558,7
78,714,13
1372,82,13
949,716,1
1403,901,15
66,574,14
1702,430,17
553,617,4
1958,1696,2
1167,814,13
1635,97,19
314,665,17
1085,1108,16
1660,207,12
1115,1249,5
694,660,2
921,1385,6
1155,1049,14
1456,1615,19
349,119,10
1112,206,13
6,1314,6
115,1089,3
1816,980,14
1732,43,3
463,1437,13
1824,1264,10
60,247,14
761,480,10
581,858,10
1796,736,10
639,548,1
1980,1109,19
1884,580,15
1905,1105,4
1079,1422,10
1159,994,2
572,524,9
1982,1053,19
1838,1245,8
1571,1534,3
1187,21,3
477,1094,15
223,482,4
1434,1940,7
1465,154,11
1024,1681,11
41,1422,18
872,1224,3
135,656,15
43,143,18
1100,313,10
1339,719,11
161,603,4
1512,937,5
1849,1138,6
170,518,9
817,815,15
1776,1530,2
368,315,8
33,342,5
1999,181,4
464,334,16
1639,127,14
58,863,11
729,529,5
1352,1022,1
1628,1965,2
595,1225,13
301,1323,8
934,971,4
289,129,3
1890,1512,8
174,1386,8
957,530,4
1465,760,19
485,1048,10
1626,1016,13
710,404,4
300,1405,10
1011,163,10
844,706,11
1030,1769,7
818,838,10
1729,1178,16
1282,672,14
1747,1130,5
1376,1816,3
1781,1307,19
1111,1578,17
1884,1591,2
1801,1162,12
1794,113,18
1236,436,10
1218,1667,2
1984,1897,18
1657,1428,17
940,552,3
491,1634,4
735,1063,14
1200,1919,2
1009,933,12
909,1928,1
412,1487,6
1612,511,7
1474,158,2
66,1796,14
117,1453,2
1992,944,10
1832,1310,15
878,1060,10
425,36,5
800,209,7
964,1076,19
1821,1246,19
1174,1327,1
1580,1017,15
197,670,13
1988,1083,5
42,1017,19
208,1077,6
489,1533,5
1509,1188,5
179,674,19
1415,1102,7
1441,296,2
209,819,16
998,252,3
51,681,4
1782,436,10
51,759,12
745,756,19
1351,1332,17
1513,1664,2
1566,1402,4
1527,781,15
546,548,8
260,1832,2
372,1209,8
325,438,9
38,1726,8
1523,128,19
757,671,4
722,91,10
494,696,11
1478,1432,9
1950,523,19
822,1236,18
165,1791,9
994,373,15
1173,1026,9
861,1475,19
1387,43,13
428,770,2
1222,1823,5
1824,1765,11
1044,894,17
1976,375,19
952,1215,5
864,1358,4
989,1763,3
798,1549,11
69,1633,12
1217,92,14
1574,1523,17
1790,1600,14
1431,340,1
1789,1950,15
1770,1197,7
979,1908,3
1447,523,7
938,1438,10
1811,424,3
1393,1756,2
1917,1827,8
388,402,9
163,1162,16
1077,1433,10
311,1200,18
820,1028,4
413,1089,17
960,1769,15
705,637,1
746,1978,12
1138,38,6
1894,1871,2
676,1383,8
1799,817,8
645,370,11
1666,627,3
1194,992,14
1923,981,7
407,958,1
1234,1682,17
767,1416,12
440,1939,14
436,417,13
1690,144,16
1555,613,3
978,315,14
480,1039,1
1847,1552,10
1779,1214,11
1916,1487,9
66,1442,17
1031,1033,14
1563,205,5
1693,1231,3
909,1503,9
1751,368,4
395,1429,7
658,755,7
1755,920,18
198,660,7
340,519,9
415,1624,7
1944,525,16
871,1415,2
969,786,18
1799,938,1
137,29,9
688,1521,1
272,1407,7
1056,1276,2
1536,1365,15
1704,1354,7
1281,495,18
148,1806,18
789,1523,1
533,1688,19
836,1955,19
1815,61,7
1879,1651,10
870,143,3
15,889,12
1467,1335,1
566,1265,14
1096,518,5
170,1989,3
1003,1899,19
45,1739,17
718,220,13
132,1721,13
913,1825,17
1715,412,4
1661,133,9
595,1322,2
1964,1966,5
538,1740,14
1537,1645,1
410,876,17
999,826,4
498,1297,7
1928,1335,16
744,1652,14
1728,1380,2
93,509,18
1304,409,6
1809,81,17
1296,180,5
1882,594,1
1234,503,10
1951,716,16
1948,1164,8
250,667,19
575,1220,3
983,809,4
1332,1445,11
214,1106,5
1175,1189,8
631,1202,11
190,46,8
1538,1510,11
491,1777,7
521,145,13
1022,1055,17
591,1235,9
1458,313,14
120,551,11
939,1021,14
483,777,15
840,1317,19
1718,61,6
1245,1036,17
1164,493,10
1695,811,13
1792,1191,1
725,584,19
1885,1172,9
1746,70,15
1593,600,5
1752,9,10
1137,1680,8
1382,1304,10
1122,1346,2
1150,294,18
339,424,17
1848,1146,18
1346,1757,2
1574,955,2
1072,1971,19
1125,1651,5
1221,1412,5
32,559,11
474,411,18
1057,1603,12
1754,736,9
1070,1408,16
1756,1745,14
659,407,3
808,1563,7
682,310,13
1004,1996,17
1762,1928,9
1335,307,18
609,1374,7
1943,290,2
954,1819,3
1267,3,6
345,1369,19
983,563,10
234,1224,10
405,1792,1
555,53,16
1544,1992,8
1996,1735,11
1780,1148,4
718,716,2
97,1854,17
507,1414,3
768,660,6
1787,779,13
1876,1101,11
869,204,16
635,1388,3
548,1409,18
1411,1271,3
1462,564,3
1536,265,18
888,138,14
1252,1898,4
1793,1786,14
979,1756,12
1441,121,7
19,911,9
788,84,13
1880,1548,5
1916,1095,2
41,1306,1
406,252,5
1519,988,10
1713,1617,3
1205,842,16
844,1568,16
613,1970,11
1632,1443,16
1277,748,2
520,1008,6
925,1335,8
234,1753,5
1296,574,15
699,1922,11
1671,306,13
638,1583,12
1725,1037,19
792,1304,11
993,408,18
444,1128,15
334,999,19
374,789,3
1503,971,11
1121,1547,10
148,1913,1
19,1961,11
358,640,12
939,795,19
610,134,1
1677,1241,13
618,853,14
2,366,9
1152,1297,15
1013,1135,6
154,604,15
985,644,14
1077,974,5
725,86,5
339,1394,2
10,1764,7
251,1825,17
1743,504,7
1550,147,15
1125,866,7
1621,1345,15
554,785,2
482,1625,15
641,601,3
900,1893,8
957,1662,10
718,1143,15
862,762,13
881,411,1
795,1434,5
1842,1952,2
1781,1103,8
984,1785,6
15,1527,2
1166,1609,12
1463,843,6
1928,594,5
576,407,17
1130,760,6
195,1672,4
91,1686,2
993,799,7
159,1118,8
27,1972,18
363,704,16
1395,1696,11
85,1418,15
1490,867,8
14,1266,15
385,651,4
158,789,2
235,1924,18
1947,174,8
577,1304,17
1819,1901,6
607,213,17
108,1735,11
1430,111,3
808,600,8
1349,979,15
1102,1774,5
448,1868,12
1764,129,8
1775,1447,15
343,1507,2
1841,1670,10
221,1406,11
1843,277,9
1279,727,7
1858,1426,13
1021,599,12
1278,1474,15
1259,1372,1
1438,843,1
923,333,3
1541,1088,6
141,966,9
1855,1129,15
479,1259,15
1551,1169,11
504,1905,7
1456,755,9
329,1064,1
584,583,3
932,782,6
969,921,19
627,1737,16
77,1718,5
395,1165,14
1621,800,3
33,1708,2
891,934,9
1382,1466,15
1440,1212,1
570,1557,4
631,923,4
1009,1509,4
1552,924,14
1503,428,2
242,1061,16
1379,708,3
1817,551,9
96,41,18
1626,1587,14
367,1187,5
1615,1506,2
78,1763,3
1122,613,13
1876,480,8
772,1388,5
750,1141,4
1988,61,5
1759,752,10
1508,536,9
500,1382,19
885,1186,17
906,1887,9
27,164,13
1347,258,1
975,1941,1
91,1323,7
1341,877,5
1049,378,11
21,1856,8
1155,569,12
1360,622,12
1367,992,13
1047,1866,15
1585,724,10
1108,642,18
409,785,8
935,1417,12
230,1159,5
1477,1836,8
611,885,1
167,871,16
70,1987,16
865,1607,10
777,1044,14
1152,1755,2
1469,1940,17
1323,1612,11
1944,220,11
16,1130,14
725,1890,11
486,437,10
1469,1419,18
1382,1038,7
168,1543,12
1861,158,4
1756,1078,14
353,9,19
1072,1287,13
960,222,7
443,55,9
172,141,17
1793,291,6
476,1682,4
300,87,9
1081,1155,1
1894,84,1
778,259,1
61,372,18
1260,1414,11
1707,510,12
1201,939,10
1797,1996,14
1459,69,18
1767,1280,14
1067,54,19
993,1991,2
1205,1065,2
590,1665,18
806,111,17
1835,533,9
1457,768,12
1138,1098,11
1918,1283,12
665,436,1
196,1010,10
656,994,4
1960,268,14
1018,503,14
1059,612,13
1188,992,18
1635,1624,15
989,311,5
223,1928,10
774,1074,7
973,540,6
124,394,7
818,150,11
1450,1874,3
1454,439,3
1728,79,5
1873,731,3
1273,1030,8
480,1206,7
466,434,11
1362,1186,12
715,45,19
815,936,3
619,371,9
768,186,17
1270,1535,18
248,494,18
471,901,4
417,1700,15
1818,1643,12
